song_id,title,year,artist_id,genre_id
0,Sunrise,2004,0,0
33,Don't Know Why,2002,0,0
10,Love Me Tender,2002,10,0
144,A Little Less Conversation - JXL Radio Edit Remix,2002,10,0
387,(You're The) Devil in Disguise,2002,10,0
664,I Just Can't Help Believin',2016,10,0
918,Always On My Mind,1973,10,0
928,Burning Love,1973,10,0
948,My Boy,1974,10,0
1686,An American Trilogy,1995,10,0
1828,Can't Help Falling in Love,1961,10,0
1836,Are You Lonesome Tonight,1963,10,0
1909,Guitar Man,1967,10,0
1950,Suspicious Minds,1969,10,0
1954,In the Ghetto,1969,10,0
1985,Blue Suede Shoes,1956,10,0
1986,Jailhouse Rock,1958,10,0
1989,Heartbreak Hotel,1958,10,0
1990,Hound Dog,1958,10,0
48,"You're The First, The Last, My Everything",2009,41,0
124,Papa Was A Rolling Stone,2001,88,0
138,Home,2005,93,0
167,Everything,2007,93,0
230,Feeling Good,2005,93,0
211,Heaven Must Be Missing An Angel - Pt. 1,2004,133,0
218,Spicks And Specks,2001,137,0
990,Nights On Broadway,1975,137,0
1049,Stayin' Alive,1977,137,0
1124,How Deep Is Your Love,1979,137,0
1140,Tragedy,1979,137,0
1146,"More Than A Woman - From ""Saturday Night Fever"" Soundtrack",1979,137,0
1429,You Win Again,1987,137,0
1508,"Night Fever - From ""Saturday Night Fever"" Soundtrack",1990,137,0
1919,To Love Somebody,1967,137,0
1938,Words,1968,137,0
1939,Massachussetts,1968,137,0
1941,I Started A Joke,1968,137,0
267,(What A) Wonderful World,2000,153,0
1843,A Change Is Gonna Come,1964,153,0
275,All Night Long (All Night) - Single Version,2003,157,0
1249,Hello,1983,157,0
315,Superstition - Single Version,2002,174,0
1016,Isn't She Lovely,1976,174,0
1017,I Wish,1976,174,0
1021,Sir Duke,1976,174,0
1187,Master Blaster (Jammin'),1980,174,0
336,Mr. Bojangles - Single Version,2002,183,0
426,You Got It,2010,218,0
1831,"Oh, Pretty Woman",1962,218,0
1834,In Dreams,1963,218,0
476,Georgia on My Mind,2011,234,0
627,"Theme From New York, New York",2015,289,0
1829,Fly Me To The Moon (In Other Words),1962,289,0
1859,It Was A Very Good Year,1965,289,0
1868,That's Life,1966,289,0
1958,My Way,1969,289,0
716,Love On The Rocks,2017,317,0
847,I Am...I Said - Single Version,1971,317,0
907,Song Sung Blue - Single Version,1972,317,0
1110,You Don't Bring Me Flowers,1978,317,0
1132,September Morn,1979,317,0
1702,Beautiful Noise,1996,317,0
1946,"Girl, You'll Be A Woman Soon",1968,317,0
1952,Sweet Caroline,1969,317,0
827,Fire and Rain,1970,357,0
866,You've Got a Friend,1971,357,0
829,25 or 6 to 4 - 2002 Remaster,1970,358,0
1007,If You Leave Me Now,1976,358,0
834,(They Long To Be) Close To You,1970,359,0
899,Top Of The World,1972,359,0
843,Vincent,1971,363,0
853,American Pie,1971,363,0
858,Nothing Rhymed,1971,369,0
860,You've Got a Friend,1971,370,0
870,Maggie May,1971,373,0
980,Sailing,1975,373,0
889,Time In A Bottle,1972,377,0
934,I'll Have To Say I Love You In A Song,1973,377,0
895,You're so Vain,1972,380,0
921,"Leaving, On a Jet Plane - ""Greatest Hits"" Version",1973,388,0
945,Annie's Song,1974,388,0
953,Thank God I'm a Country Boy,1974,388,0
982,Calypso,1975,388,0
1300,Perhaps Love,1984,388,0
1721,"Take Me Home, Country Roads",1997,388,0
954,The Air That I Breathe - 2008 Remaster,1974,400,0
1905,"He Ain't Heavy, He's My Brother",1967,400,0
960,Mandy,1974,405,0
962,The Way We Were,1974,407,0
1178,Woman in Love,1980,407,0
1182,Guilty (feat. Barry Gibb),1980,407,0
1199,Memory,1981,407,0
1262,Papa Can You Hear Me?,1983,407,0
1746,Tell Him,1997,407,0
1029,Theme From Mahogany (Do You Know Where You're Going To) - Single Version,1976,425,0
1115,The Rose,1979,449,0
1265,Beast of Burden,1983,449,0
1125,Bright Eyes,1979,452,0
1417,Apache,1987,525,0
1627,I Want You Back,1993,576,0
1665,Vivo per lei,1995,587,0
1674,Con Te Partirò,1995,587,0
1734,You'll Never Walk Alone,1997,605,0
1749,Songbird,1997,609,0
1767,Fields Of Gold,1998,609,0
1827,At Last,1960,626,0
1943,I'd Rather Go Blind,1968,626,0
1830,Stand by Me,1962,627,0
1853,Unchained Melody,1965,629,0
1855,Feeling Good,1965,630,0
1934,Ain't Got No - I Got Life - Remastered,1968,630,0
1987,My Baby Just Cares for Me - 2013 Remastered Version,1958,630,0
1865,California Dreamin' - Single Version,1966,632,0
1878,"Monday, Monday - Single Version",1966,632,0
1887,Respect,1967,635,0
1927,I Say a Little Prayer,1968,635,0
1928,(You Make Me Feel Like) A Natural Woman,1968,635,0
1918,Green Green Grass Of Home,1967,642,0
1931,What A Wonderful World - Single Version,1968,644,0
1988,Summertime,1958,644,0
1964,Son of a Preacher Man,1969,649,0
1978,The First Time Ever I Saw Your Face,1969,652,0
1993,Blueberry Hill,1959,656,0
1,Black Night,2000,1,1
799,Child in Time,1970,1,1
882,Smoke on the Water,1972,1,1
937,Woman from Tokyo,1973,1,1
4,Waitin' On A Sunny Day,2002,4,1
103,"Trapped - Live at Meadowlands Arena, E. Rutherford, NJ - August 1984",2003,4,1
269,The Rising,2002,4,1
396,Working On a Dream,2009,4,1
966,Born to Run,1975,4,1
972,Thunder Road,1975,4,1
977,Jungleland,1975,4,1
996,Meeting Across the River,1975,4,1
1089,Badlands,1978,4,1
1152,The River,1980,4,1
1181,Hungry Heart,1980,4,1
1273,I'm On Fire,1984,4,1
1276,Dancing In the Dark,1984,4,1
1280,Born in the U.S.A.,1984,4,1
1282,My Hometown,1984,4,1
1290,Glory Days,1984,4,1
1309,No Surrender,1984,4,1
1373,"Fire - Live at the Winterland, San Francisco, CA - December 1978",1986,4,1
1396,Tougher Than the Rest,1987,4,1
1422,Brilliant Disguise,1987,4,1
1590,Human Touch,1992,4,1
1658,Streets of Philadelphia - Single Edit,1995,4,1
1687,Secret Garden,1995,4,1
5,The Road Ahead (Miles Of The Unknown),2004,5,1
7,Knights of Cydonia,2006,7,1
116,Feeling Good,2001,7,1
164,Uprising,2009,7,1
188,Plug in Baby,2001,7,1
197,Starlight,2006,7,1
203,Supermassive Black Hole,2006,7,1
254,Time Is Running Out,2004,7,1
314,Sing for Absolution,2004,7,1
338,Resistance,2009,7,1
381,Undisclosed Desires,2009,7,1
393,Bliss,2001,7,1
494,Madness,2012,7,1
606,Psycho,2015,7,1
631,Mercy,2015,7,1
1812,Unintended,1999,7,1
8,Mr. Brightside,2004,8,1
23,Somebody Told Me,2004,8,1
306,Human,2008,8,1
11,Seven Nation Army,2003,11,1
13,I'm going home,2005,13,1
14,Fluorescent Adolescent,2007,14,1
292,I Bet You Look Good On The Dancefloor,2006,14,1
366,When The Sun Goes Down,2006,14,1
524,Do I Wanna Know?,2013,14,1
17,Uninvited,2005,17,1
291,Ironic,2005,17,1
341,You Oughta Know,2005,17,1
21,The Cave,2009,20,1
74,Little Lion Man,2009,20,1
488,I Will Wait,2012,20,1
497,Lover of the Light,2012,20,1
510,Babel,2012,20,1
511,Hopeless Wanderer,2012,20,1
771,Guiding Light,2018,20,1
31,Big Log - 2006 Remaster,2007,27,1
36,Iris,2007,31,1
37,The Saints Are Coming,2006,32,1
56,Sometimes You Can't Make It On Your Own,2004,32,1
183,Magnificent,2009,32,1
193,Stuck In A Moment You Can't Get Out Of,2000,32,1
277,City Of Blinding Lights,2004,32,1
316,Vertigo,2004,32,1
325,Beautiful Day,2000,32,1
375,Elevation,2000,32,1
618,Ordinary Love,2015,32,1
1236,Sunday Bloody Sunday - Remastered 2008,1983,32,1
1258,Gloria - Live,1983,32,1
1271,The Unforgettable Fire - Remastered 2009,1984,32,1
1272,Bad - Remastered 2009,1984,32,1
1274,Pride (In The Name Of Love) - Remastered 2009,1984,32,1
1388,With Or Without You - Remastered,1987,32,1
1389,Where The Streets Have No Name - Remastered,1987,32,1
1390,I Still Haven't Found What I'm Looking For,1987,32,1
1400,I Will Follow - Live,1987,32,1
1410,Running To Stand Still,1987,32,1
1424,Bullet The Blue Sky,1987,32,1
1444,All I Want Is You,1988,32,1
1447,When Love Comes To Town,1988,32,1
1457,Angel Of Harlem,1988,32,1
1530,One,1991,32,1
1564,Mysterious Ways,1991,32,1
1762,New Year's Day,1998,32,1
42,Take Me Out,2004,35,1
43,American Idiot,2004,36,1
95,21 Guns,2009,36,1
212,Wake Me up When September Ends,2004,36,1
685,Boulevard of Broken Dreams,2017,36,1
712,Holiday,2017,36,1
1636,Basket Case,1994,36,1
1649,When I Come Around,1994,36,1
1735,Good Riddance (Time of Your Life),1997,36,1
46,Sweet Jane,2008,39,1
883,Perfect Day,1972,39,1
893,Walk On the Wild Side,1972,39,1
47,Run,2004,40,1
150,Set The Fire To The Third Bar,2006,40,1
290,Shut Your Eyes,2006,40,1
344,Chasing Cars,2006,40,1
543,Just Say Yes,2013,40,1
49,The Day After Tomorrow,2005,42,1
68,I Surrender,2004,42,1
50,Just Breathe,2009,43,1
1515,Black,1991,43,1
1521,Alive,1991,43,1
1529,Jeremy,1991,43,1
1537,Even Flow,1991,43,1
1615,Daughter (Remastered),1993,43,1
1622,Rearviewmirror (Remastered),1993,43,1
59,Goin To The Run,2008,49,1
178,Another 45 Miles,2008,49,1
206,Bombay,2008,49,1
419,Back Home,2010,49,1
478,I've Just Lost Somebody,2011,49,1
862,She Flies On Strange Wings,1971,49,1
911,Radar Love,1973,49,1
1145,Weekend Love,1979,49,1
1163,Long Blond Animal,1980,49,1
1211,Twilight Zone,1982,49,1
1267,When The Lady Smiles,1984,49,1
1962,Just A Little Bit Of Peace In My Heart,1969,49,1
67,In The Army Now,2002,55,1
302,Rockin' All Over The World,2005,55,1
656,Whatever You Want,2016,55,1
695,"Roll Over Lay Down - Live At The Kursaal, Southend / 1975",2017,55,1
979,Down Down,1975,55,1
88,This Is Not America - 2002 Remaster,2002,67,1
657,Lazarus,2016,67,1
670,Blackstar,2016,67,1
821,The Man Who Sold the World - 2015 Remaster,1970,67,1
846,Life on Mars? - 2015 Remaster,1971,67,1
863,Changes - 2015 Remaster,1971,67,1
886,Starman - 2012 Remaster,1972,67,1
896,Ziggy Stardust - 2012 Remaster,1972,67,1
935,The Jean Genie - 2013 Remaster,1973,67,1
949,Rebel Rebel - 2016 Remaster,1974,67,1
993,Fame - 2016 Remaster,1975,67,1
1008,Wild Is the Wind - 2016 Remaster,1976,67,1
1015,Golden Years - 2016 Remaster,1976,67,1
1030,Heroes - 2017 Remaster,1977,67,1
1060,Sound and Vision - 2017 Remaster,1977,67,1
1170,Ashes to Ashes - 2017 Remaster,1980,67,1
1242,Let's Dance - 2018 Remaster,1983,67,1
1243,China Girl - 2002 Remaster,1983,67,1
1326,Dancing in the Street - 2002 Remaster,1985,67,1
1363,Absolute Beginners - 2002 Remaster,1986,67,1
1948,Space Oddity - 2015 Remaster,1969,67,1
91,I'm Gonna Be (500 Miles),2003,69,1
99,Motorcycle Emptiness,2002,71,1
1781,If You Tolerate This Your Children Will Be Next,1998,71,1
107,Ben Ik Te Min,2009,75,1
111,Everybody's Changing,2004,79,1
312,Bend & Break,2004,79,1
339,Bedshaped,2004,79,1
355,Somewhere Only We Know,2004,79,1
495,Sovereign Light Café,2012,79,1
112,How to Save a Life,2005,80,1
115,Europa (Earth's Cry Heaven's Smile),2007,82,1
149,Black Magic Woman,2007,82,1
808,Samba Pa Ti,1970,82,1
1048,She's Not There,1977,82,1
1823,Smooth (feat. Rob Thomas),1999,82,1
118,Use Somebody,2008,83,1
353,Sex on Fire,2008,83,1
425,Pyro,2010,83,1
430,Back Down South,2010,83,1
123,Eternal Flame,2004,87,1
128,De wedstrijd,2006,89,1
137,Love Is A Battlefield,2001,92,1
141,She Sells Sanctuary,2000,96,1
142,Alie,2008,97,1
208,Oerend Hard,2008,97,1
1516,De Boer Is De Keerl,1991,97,1
1525,Deurdonderen,1991,97,1
146,Old Man,2004,100,1
179,Like a Hurricane - 2003 Remaster,2004,100,1
838,Southern Man - 2009 Remaster,1970,100,1
885,Heart of Gold - 2009 Remaster,1972,100,1
902,Harvest - 2009 Remaster,1972,100,1
1465,Rockin' in the Free World,1989,100,1
1585,Harvest Moon,1992,100,1
154,A Gentleman's Excuse Me,2008,105,1
157,Sailing to Philadelphia,2005,106,1
329,What It Is,2000,106,1
158,Accidentally In Love,2004,107,1
481,Holiday In Spain,2012,107,1
1613,Mr. Jones,1993,107,1
1626,Round Here,1993,107,1
1715,A Long December,1996,107,1
161,Goodnight Saigon,2001,109,1
234,Piano Man,2001,109,1
1014,New York State of Mind,1976,109,1
1040,She's Always a Woman,1977,109,1
1071,Scenes from an Italian Restaurant,1977,109,1
1078,Just the Way You Are,1977,109,1
1107,Honesty,1978,109,1
1251,Uptown Girl,1983,109,1
1469,Leningrad,1989,109,1
1486,We Didn't Start the Fire,1989,109,1
162,Moonlight Shadow,2009,110,1
490,Tubular Bells,2012,110,1
172,The Man Who Can't Be Moved,2008,116,1
242,Breakeven,2008,116,1
502,If You Could See Me Now,2012,116,1
503,Hall of Fame,2012,116,1
590,Superheroes,2014,116,1
594,No Good in Goodbye,2014,116,1
181,"(I've Had) The Time of My Life - From ""Dirty Dancing"" Soundtrack",2004,120,1
207,Mary Jane's Last Dance,2008,130,1
1551,Learning To Fly,1991,130,1
213,Can't Stop,2002,134,1
270,Snow (Hey Oh),2006,134,1
317,By the Way,2002,134,1
345,Dani California,2006,134,1
659,Dark Necessities,2016,134,1
1524,Under the Bridge,1991,134,1
1548,Give It Away,1991,134,1
1800,Californication,1999,134,1
1804,Scar Tissue,1999,134,1
1805,Otherside,1999,134,1
1808,Road Trippin',1999,134,1
214,Driving Home for Christmas,2007,135,1
1335,Josephine,1985,135,1
217,Blauw,2007,136,1
273,Iedereen Is Van De Wereld,2007,136,1
222,Leave the Light On,2009,138,1
761,Why Don't You Do Right,2018,138,1
1813,LA Song,1999,138,1
231,The Wall Street Shuffle,2004,142,1
973,I'm Not In Love,1975,142,1
1091,Dreadlock Holiday,1978,142,1
232,Song 2,2000,143,1
237,Woman,2006,145,1
251,Hocus Pocus,2001,149,1
908,Sylvia,1972,149,1
258,Live And Let Die - Live,2003,151,1
674,We All Stand Together - Remastered 2016,2016,151,1
924,Band On The Run - Remastered 2010,1973,151,1
274,Gold,2000,156,1
388,TRUE - Single Edit,2008,156,1
702,Through the Barricades - Remastered,2017,156,1
284,Lady Jane - (Original Single Mono Version),2004,162,1
849,Wild Horses,1971,162,1
859,Brown Sugar - Remastered,1971,162,1
865,Honky Tonk Women - Mono Version,1971,162,1
894,She's A Rainbow - Full Version / With Intro,1972,162,1
912,Angie,1973,162,1
1012,Fool To Cry - Remastered 2009,1976,162,1
1098,Miss You - Remastered,1978,162,1
1106,Beast Of Burden - Remastered,1978,162,1
1195,Start Me Up - Remastered,1981,162,1
1197,Waiting On A Friend - Remastered 2009,1981,162,1
1462,Sympathy For The Devil,1989,162,1
1847,It's All Over Now - Mono Version,1964,162,1
1849,(I Can't Get No) Satisfaction - Mono Version,1965,162,1
1858,As Tears Go By - Mono Version,1965,162,1
1860,Time Is On My Side - Mono Version,1965,162,1
1861,Little Red Rooster - Mono Version,1965,162,1
1863,"Paint It, Black",1966,162,1
1869,Jumpin' Jack Flash - Mono,1966,162,1
1873,Under My Thumb,1966,162,1
1903,Ruby Tuesday,1967,162,1
1949,Gimme Shelter,1969,162,1
1956,You Can't Always Get What You Want,1969,162,1
1981,Midnight Rambler,1969,162,1
286,Go Like Elijah,2009,164,1
305,Stiekem Gedanst,2008,170,1
321,Stuck In The Middle With You,2009,175,1
330,Blue Monday - 2016 Remaster,2005,178,1
333,Bird of Paradise,2003,180,1
335,Onderweg,2000,182,1
340,Mia,2002,185,1
360,Belfast Child,2008,195,1
666,New Gold Dream (81/82/83/84),2016,195,1
668,Someone Somewhere (In Summertime),2016,195,1
781,Don't You (Forget About Me),2019,195,1
1245,Waterfront - 2002 Remaster,1983,195,1
1317,Alive And Kicking,1985,195,1
372,Ruby,2007,197,1
378,Black Betty,2005,199,1
379,Wrong,2000,200,1
402,Love Will Tear Us Apart - 2010 Remaster,2010,207,1
427,Atmosphere - 2010 Remaster,2010,207,1
408,I Follow Rivers - Live @ Giel!,2010,209,1
411,Peter Gunn Theme,2010,210,1
831,Lucky Man - 2012 Remastered Version,1970,210,1
418,The Promise You Made,2010,213,1
441,Still Loving You,2011,222,1
1500,Wind Of Change,1990,222,1
1506,Send Me An Angel,1990,222,1
442,Little Black Submarines,2011,223,1
450,Lonely Boy,2011,223,1
464,Gold on the Ceiling,2011,223,1
471,Dust Bowl,2011,231,1
474,Original Sin,2011,232,1
1404,Never Tear Us Apart,1987,232,1
482,Radioactive,2012,235,1
484,Demons,2012,235,1
499,On Top Of The World,2012,235,1
517,It's Time,2012,235,1
688,Believer,2017,235,1
696,Whatever It Takes,2017,235,1
706,Thunder,2017,235,1
739,Natural,2018,235,1
743,Bad Liar,2018,235,1
485,She,2012,237,1
504,Dodenrit,2012,243,1
525,Another Love,2013,250,1
557,Grow Old with Me,2013,250,1
536,Layla,2013,255,1
584,"See Me, Feel Me - Single Version",2014,271,1
845,Baba O'Riley,1971,271,1
871,Won't Get Fooled Again - Original Album Version,1971,271,1
879,Behind Blue Eyes,1971,271,1
1856,My Generation - Stereo Version,1965,271,1
1965,Pinball Wizard,1969,271,1
1974,Overture,1969,271,1
619,Stressed Out,2015,287,1
675,Heathens,2016,287,1
625,Moondance,2015,288,1
832,Into the Mystic - 2013 Remaster,1970,288,1
1470,Have I Told You Lately,1989,288,1
1886,Brown Eyed Girl,1967,288,1
636,Forever Man - 2015 Remaster,2015,293,1
1046,Wonderful Tonight,1977,293,1
1064,Cocaine,1977,293,1
1572,"Layla - Acoustic; Live at MTV Unplugged, Bray Film Studios, Windsor, England, UK, 1/16/1992; 2013 Remaster",1992,293,1
1799,Tears in Heaven,1999,293,1
639,Living Doll - 2003 Remaster,2015,295,1
645,Happy Xmas (War Is Over),2015,298,1
830,Working Class Hero - Remastered 2010 / Lennon Legend Version,1970,298,1
840,Imagine - Remastered,1971,298,1
648,Barcelona,2016,299,1
698,Iederene Hef Een Reden,2017,310,1
700,Sorry,2017,312,1
704,Amsterdam,2017,312,1
703,Freedom! '90 - Remastered,2017,313,1
1697,Jesus to a Child,1996,313,1
1709,You Have Been Loved,1996,313,1
1753,Somebody to Love,1998,313,1
1756,Careless Whisper,1998,313,1
1758,Don't Let the Sun Go Down on Me,1998,313,1
1763,Cowboys and Angels,1998,313,1
1768,A Different Corner,1998,313,1
1770,Faith,1998,313,1
1771,Father Figure,1998,313,1
1779,Killer / Papa Was a Rollin' Stone,1998,313,1
1780,I Knew You Were Waiting (For Me),1998,313,1
1782,Praying for Time,1998,313,1
1786,As,1998,313,1
1791,I Can't Make You Love Me,1998,313,1
1795,Kissing a Fool,1998,313,1
717,Tuesday Afternoon (Forever Afternoon),2017,318,1
817,Question,1970,318,1
1883,Nights In White Satin - Single Version / Mono Mix,1967,318,1
729,I Want To Break Free,2018,322,1
942,Killer Queen - 2011 Mix,1974,322,1
963,Bohemian Rhapsody - 2011 Mix,1975,322,1
964,Love Of My Life - Remastered 2011,1975,322,1
976,You're My Best Friend - Remastered 2011,1975,322,1
981,39 - 2011 Mix,1975,322,1
1000,Somebody To Love - 2011 Mix,1976,322,1
1009,Tie Your Mother Down - Remastered 2011,1976,322,1
1036,We Will Rock You - Remastered,1977,322,1
1039,We Are The Champions - Remastered 2011,1977,322,1
1061,Spread Your Wings - 2011 Mix,1977,322,1
1082,Don't Stop Me Now - 2011 Mix,1978,322,1
1092,Fat Bottomed Girls - Single Version,1978,322,1
1094,Bicycle Race - Remastered 2011,1978,322,1
1156,Another One Bites The Dust - Remastered 2011,1980,322,1
1161,Crazy Little Thing Called Love - Remastered 2011,1980,322,1
1176,Save Me - Remastered 2011,1980,322,1
1206,Under Pressure - Remastered,1982,322,1
1270,Radio Ga Ga - 2011 Mix,1984,322,1
1295,Thank God It's Christmas - 2011 Remaster,1984,322,1
1350,A Kind Of Magic - Remastered 2011,1986,322,1
1361,One Vision - Remastered 2011,1986,322,1
1364,Friends Will Be Friends - Remastered 2011,1986,322,1
1467,I Want It All - Remastered 2011,1989,322,1
1473,Breakthru - Remastered 2011,1989,322,1
1492,The Miracle - Remastered 2011,1989,322,1
1493,The Invisible Man - Remastered 2011,1989,322,1
1520,Innuendo - Remastered 2011,1991,322,1
1523,Who Wants To Live Forever - Remastered 2011,1991,322,1
1526,The Show Must Go On - 2011 Mix,1991,322,1
1533,These Are The Days Of Our Lives - 2011 Remaster,1991,322,1
1538,Hammer To Fall - Remastered 2011,1991,322,1
1557,I'm Going Slightly Mad - Remastered 2011,1991,322,1
1676,Heaven For Everyone - Remastered 2011,1995,322,1
1678,Too Much Love Will Kill You - 2011 Remaster,1995,322,1
1681,You Don't Fool Me - Remastered 2011,1995,322,1
1690,A Winter's Tale - 2011 Remaster,1995,322,1
731,Voor Haar,2018,324,1
754,Vluchten Kan Niet Meer,2018,324,1
780,A Whiter Shade of Pale - Original Single Version,2019,337,1
795,Homburg - Single Version - 2009 Remaster - Mono,2019,337,1
782,The Load-Out - Remastered,2019,338,1
783,Stay - Remastered,2019,338,1
784,Last Christmas,2019,339,1
1261,Club Tropicana,1983,339,1
1297,Wake Me up Before You Go-Go,1984,339,1
790,About A Girl - Live Version,2019,343,1
1519,Smells Like Teen Spirit,1991,343,1
1528,Come As You Are,1991,343,1
1534,Lithium,1991,343,1
1553,In Bloom - Nevermind Version,1991,343,1
1614,Heart-Shaped Box,1993,343,1
1625,Rape Me,1993,343,1
1629,All Apologies,1993,343,1
1635,The Man Who Sold The World,1994,343,1
1637,Where Did You Sleep Last Night,1994,343,1
1653,Polly,1994,343,1
801,Bridge Over Troubled Water,1970,347,1
805,The Boxer,1970,347,1
816,El Condor Pasa (If I Could),1970,347,1
826,Cecilia,1970,347,1
1839,The Sound of Silence - Acoustic Version,1964,347,1
1870,Scarborough Fair / Canticle,1966,347,1
1872,Homeward Bound,1966,347,1
1930,"Mrs. Robinson - From ""The Graduate"" Soundtrack",1968,347,1
802,Paranoid - 2016 Remaster,1970,348,1
803,Have You Ever Seen The Rain,1970,349,1
810,Who'll Stop The Rain,1970,349,1
818,I Heard It Through The Grapevine,1970,349,1
822,Long As I Can See The Light,1970,349,1
828,Lookin' Out My Back Door,1970,349,1
837,Up Around The Bend,1970,349,1
1923,I Put A Spell On You,1968,349,1
1936,Suzie Q,1968,349,1
1953,Fortunate Son,1969,349,1
1955,Bad Moon Rising,1969,349,1
1967,Proud Mary,1969,349,1
1970,Born On The Bayou,1969,349,1
1976,Down On The Corner,1969,349,1
804,Your Song,1970,350,1
854,Tiny Dancer,1971,350,1
884,"Rocket Man (I Think It's Going To Be A Long, Long Time)",1972,350,1
929,Goodbye Yellow Brick Road - Remastered 2014,1973,350,1
931,Daniel,1973,350,1
1241,I'm Still Standing,1983,350,1
1322,Nikita,1985,350,1
1507,Don't Go Breaking My Heart,1990,350,1
1666,Circle Of Life,1995,350,1
1682,Can You Feel The Love Tonight,1995,350,1
1736,Candle In The Wind 1997,1997,350,1
809,Immigrant Song - Remaster,1970,351,1
819,Since I've Been Loving You - 1990 Remaster,1970,351,1
839,Stairway to Heaven - Remaster,1971,351,1
875,Rock and Roll - Remaster,1971,351,1
876,Black Dog - Remaster,1971,351,1
967,Kashmir - 1990 Remaster,1975,351,1
1951,Whole Lotta Love - 1990 Remaster,1969,351,1
1973,Dazed and Confused,1969,351,1
811,Our House,1970,352,1
812,Teach Your Children,1970,352,1
815,Almost Cut My Hair,1970,352,1
833,Carry On,1970,352,1
823,Roadhouse Blues,1970,354,1
841,Riders on the Storm,1971,354,1
850,L.A. Woman,1971,354,1
874,Love Her Madly,1971,354,1
1884,The End,1967,354,1
1893,Light My Fire,1967,354,1
1898,People Are Strange,1967,354,1
1916,Break on Through (To the Other Side),1967,354,1
1979,Touch Me,1969,354,1
824,My Sweet Lord,1970,355,1
842,Echoes,1971,362,1
857,One of These Days,1971,362,1
881,See Emily Play,1971,362,1
915,Time,1973,362,1
917,Money,1973,362,1
919,The Great Gig in the Sky,1973,362,1
922,Us and Them,1973,362,1
965,Shine On You Crazy Diamond (Pts. 1-5),1975,362,1
1112,Comfortably Numb,1979,362,1
1114,"Another Brick in the Wall, Pt. 2",1979,362,1
1120,Hey You,1979,362,1
1189,Wish You Were Here,1981,362,1
1638,High Hopes,1994,362,1
844,Me and Bobby McGee,1971,364,1
864,Mercedes Benz,1971,364,1
867,Cry Baby,1971,364,1
852,Halo of Flies,1971,367,1
900,School's Out,1972,367,1
1097,How You Gonna See Me Now,1978,367,1
1466,Poison,1989,367,1
861,Locomotive Breath,1971,371,1
869,Roundabout - 2003 Remaster,1971,372,1
880,Yours Is No Disgrace - 2003 Remaster,1971,372,1
904,"Close to the Edge (i. The Solid Time of Change, ii. Total Mass Retain, iii. I Get up I Get Down, iv. Seasons of Man) - 2003 Remaster",1972,372,1
1244,Owner of a Lonely Heart,1983,372,1
873,Give Up Your Guns,1971,374,1
887,Take It Easy - 2013 Remaster,1972,375,1
906,Witchy Woman - Eagles 2013 Remaster,1972,375,1
909,Peaceful Easy Feeling - Eagles 2013 Remaster,1972,375,1
913,Desperado - 2013 Remaster,1973,375,1
926,Tequila Sunrise - 2013 Remaster,1973,375,1
969,One of These Nights - 2013 Remaster,1975,375,1
975,Lyin' Eyes - 2013 Remaster,1975,375,1
992,Take It to the Limit - 2013 Remaster,1975,375,1
999,Hotel California - 2013 Remaster,1976,375,1
1002,The Last Resort - 2013 Remaster,1976,375,1
1006,New Kid in Town - 2013 Remaster,1976,375,1
1028,Wasted Time - 2013 Remaster,1976,375,1
888,A Horse with No Name,1972,376,1
905,Ventura Highway,1972,376,1
890,Lola - Live,1972,378,1
1876,Sunny Afternoon - Mono Mix,1966,378,1
1914,Waterloo Sunset - Mono Mix,1967,378,1
891,Easy Livin',1972,379,1
897,Whiskey In The Jar,1972,381,1
1019,The Boys Are Back In Town,1976,381,1
898,Listen to the Music,1972,382,1
933,Long Train Runnin',1973,382,1
1102,What a Fool Believes,1978,382,1
910,Do It Again,1972,384,1
914,Dream On,1973,385,1
1766,"I Don't Want to Miss a Thing - From ""Armageddon"" Soundtrack",1998,385,1
916,Free Bird,1973,386,1
943,Sweet Home Alabama,1974,386,1
920,La Grange - 2005 Remaster,1973,387,1
1578,Sharp Dressed Man,1992,387,1
1580,Gimme All Your Lovin',1992,387,1
923,Firth of Fifth - New Stereo Mix,1973,389,1
1095,Follow You Follow Me - 2007 Remaster,1978,389,1
1238,Mama - 2007 Remaster,1983,389,1
1255,Home by the Sea - 2007 Remaster,1983,389,1
1356,Land of Confusion - 2007 Remaster,1986,389,1
1385,Invisible Touch - 2007 Remaster,1986,389,1
1560,I Can't Dance - 2007 Remaster,1991,389,1
1561,No Son of Mine - 2007 Remaster,1991,389,1
1809,Jesus He Knows Me,1999,389,1
927,Knockin' On Heaven's Door - Remastered,1973,391,1
1003,Hurricane,1976,391,1
1833,Blowin' in the Wind,1963,391,1
1838,"Don't Think Twice, It's All Right",1963,391,1
1842,The Times They Are A-Changin',1964,391,1
1850,Like a Rolling Stone,1965,391,1
1874,I Want You,1966,391,1
932,The Joker,1973,393,1
1023,Fly Like An Eagle,1976,393,1
936,Merry Xmas Everybody,1973,394,1
940,School,1974,395,1
946,Dreamer,1974,395,1
950,Crime Of The Century,1974,395,1
956,Hide In Your Shell,1974,395,1
1034,Fool's Overture,1977,395,1
1059,Give A Little Bit,1977,395,1
1116,The Logical Song - Remastered 2010,1979,395,1
1126,Take The Long Way Home - 2010 Remastered,1979,395,1
1127,Breakfast In America - Remastered,1979,395,1
1137,Goodbye Stranger - 2010 Remastered,1979,395,1
1233,It's Raining Again,1982,395,1
947,You Are So Beautiful,1974,398,1
1371,You Can Leave Your Hat On,1986,398,1
1407,Unchain My Heart,1987,398,1
1624,Up Where We Belong,1993,398,1
1745,N'oubliez Jamais,1997,398,1
1957,With A Little Help From My Friends,1969,398,1
951,Autobahn - 2009 Remaster,1974,399,1
955,Love Is All,1974,401,1
958,Fox On The Run,1974,403,1
1026,The Ballroom Blitz,1976,403,1
959,You Ain't Seen Nothing Yet,1974,404,1
961,Can't Get It out of My Head,1974,406,1
1020,Livin' Thing,1976,406,1
1033,Mr. Blue Sky,1977,406,1
1139,Don't Bring Me Down,1979,406,1
971,Landslide,1975,409,1
974,Rhiannon,1975,409,1
1032,Go Your Own Way - 2004 Remaster,1977,409,1
1037,The Chain - 2004 Remaster,1977,409,1
1052,Songbird - 2004 Remaster,1977,409,1
1054,Don't Stop - 2004 Remaster,1977,409,1
1080,You Make Loving Fun - 2004 Remaster,1977,409,1
1399,Everywhere - 2017 Remaster,1987,409,1
1420,Seven Wonders - 2017 Remaster,1987,409,1
1434,Dreams,1988,409,1
1435,Sara,1988,409,1
1439,Tusk,1988,409,1
1442,Little Lies,1988,409,1
1456,Big Love,1988,409,1
1474,Need Your Love So Bad,1989,409,1
1961,Albatross - 2018 Remaster,1969,409,1
1969,Oh Well (Pt. 1) - 2013 Remaster,1969,409,1
1983,Black Magic Woman - 2018 Remaster,1969,409,1
978,Love Hurts,1975,410,1
983,50 Ways to Leave Your Lover,1975,411,1
998,Still Crazy After All These Years,1975,411,1
1185,Late in the Evening,1980,411,1
1347,Graceland,1986,411,1
1354,You Can Call Me Al,1986,411,1
1362,Diamonds on the Soles of Her Shoes,1986,411,1
1382,Homeless (with Ladysmith Black Mambazo),1986,411,1
984,It's A Long Way There - 2010 Digital Remaster,1975,412,1
985,Crazy On You,1975,413,1
1065,Barracuda,1977,413,1
1401,Alone,1987,413,1
995,Show Me The Way,1975,417,1
997,Love Is The Drug,1975,418,1
1680,Avalon,1995,418,1
1004,More Than a Feeling,1976,419,1
1105,Don't Look Back,1978,419,1
1005,(Don't Fear) The Reaper,1976,420,1
1013,Carry on Wayward Son,1976,421,1
1042,Dust in the Wind,1977,421,1
1022,Blitzkrieg Bop - 2016 Remaster,1976,423,1
1024,Blinded By The Light,1976,424,1
1031,Paradise By the Dashboard Light,1977,426,1
1043,Bat Out of Hell,1977,426,1
1062,You Took The Words Right Out of My Mouth (Hot Summer Night),1977,426,1
1063,Two Out of Three Ain't Bad,1977,426,1
1608,I'd Do Anything For Love (But I Won't Do That) - Single Edit,1993,426,1
1035,Whole Lotta Rosie,1977,427,1
1053,Let There Be Rock,1977,427,1
1113,Highway to Hell,1979,427,1
1157,Back In Black,1980,427,1
1160,You Shook Me All Night Long,1980,427,1
1496,Thunderstruck,1990,427,1
1041,Worn Down Piano,1977,428,1
1044,Solsbury Hill,1977,429,1
1183,Biko,1980,429,1
1348,Don't Give Up - 2012 Remaster,1986,429,1
1374,Sledgehammer - 2012 Remaster,1986,429,1
1380,In Your Eyes - 2012 Remaster,1986,429,1
1047,Lust For Life,1977,430,1
1056,The Passenger,1977,430,1
1505,Candy,1990,430,1
1050,Psycho Killer - 2005 Remaster,1977,431,1
1165,Once in a Lifetime - 2005 Remaster,1980,431,1
1283,Slippery People - Live,1984,431,1
1329,Road to Nowhere,1985,431,1
1067,Cold as Ice,1977,433,1
1279,I Want to Know What Love Is - 1999 Remaster,1984,433,1
1307,That Was Yesterday,1984,433,1
1070,I Want You to Want Me,1977,434,1
1073,La vie en rose,1977,435,1
1074,Spanish Stroll,1977,436,1
1077,Isn't It Time,1977,438,1
1200,Everytime I Think of You - 2000 Remaster,1981,438,1
1081,Sultans of Swing,1978,439,1
1111,Water of Love,1978,439,1
1158,Romeo and Juliet,1980,439,1
1168,Tunnel of Love (Intro: The Carousel Waltz),1980,439,1
1205,Telegraph Road,1982,439,1
1208,Private Investigations,1982,439,1
1310,Brothers in Arms,1985,439,1
1312,Money for Nothing,1985,439,1
1314,Walk of Life,1985,439,1
1328,Your Latest Trick,1985,439,1
1330,Why Worry,1985,439,1
1332,So Far Away,1985,439,1
1547,On Every Street,1991,439,1
1566,Calling Elvis,1991,439,1
1086,Roxanne,1978,441,1
1096,So Lonely,1978,441,1
1119,Message In A Bottle,1979,441,1
1138,Walking On The Moon,1979,441,1
1188,Don't Stand So Close To Me,1980,441,1
1194,Every Little Thing She Does Is Magic,1981,441,1
1237,Every Breath You Take,1983,441,1
1748,Can't Stand Losing You,1997,441,1
1087,Hold the Line,1978,442,1
1204,Africa,1982,442,1
1213,Rosanna,1982,442,1
1378,I'll Be Over You,1986,442,1
1436,Stop Loving You,1988,442,1
1449,Pamela,1988,442,1
1454,Mushanga,1988,442,1
1090,Baker Street,1978,443,1
1093,Runnin' with the Devil - 2015 Remaster,1978,444,1
1379,Why Can't This Be Love,1986,444,1
1699,Jump,1996,444,1
1117,I Was Made For Lovin' You,1979,450,1
1143,Sure Know Something,1979,450,1
1121,One Step Beyond,1979,451,1
1136,Night Boat to Cairo,1979,451,1
1180,Baggy Trousers,1980,451,1
1246,Our House,1983,451,1
1130,Boys Don't Cry - Single Version,1979,453,1
1153,A Forest - Remastered Version,1980,453,1
1331,Close to Me - Remastered,1985,453,1
1337,In Between Days - 2006 Remaster,1985,453,1
1471,Lullaby,1989,453,1
1490,Lovesong,1989,453,1
1577,Friday I'm in Love,1992,453,1
1135,London Calling - Remastered,1979,454,1
1230,Should I Stay or Should I Go - Remastered,1982,454,1
1142,The Worker,1979,455,1
1167,So Long,1980,455,1
1149,Dancin' Fool,1979,457,1
1155,Ace of Spades,1980,459,1
1166,The Turn of a Friendly Card,1980,460,1
1207,Old and Wise,1982,460,1
1212,Eye In The Sky,1982,460,1
1301,Don't Answer Me,1984,460,1
1177,Keep on Loving You,1980,461,1
1179,The Spirit Of Radio,1980,462,1
1186,Enola Gay - Remastered,1980,463,1
1440,Maid Of Orleans,1988,463,1
1191,Don't Stop Believin',1981,464,1
1193,Golden Brown,1981,465,1
1198,Tainted Love,1981,466,1
1201,Don't You Want Me,1981,467,1
1202,I'll Find My Way Home - Remastered,1981,468,1
1203,Je Loog Tegen Mij,1981,469,1
1210,Run to the Hills - 2015 Remaster,1982,470,1
1437,Can I Play with Madness - 2015 Remaster,1988,470,1
1568,Fear of the Dark - 2015 Remaster,1992,470,1
1214,Is She Really Going Out With Him? - Live,1982,471,1
1219,Real Men,1982,471,1
1234,Steppin' Out,1982,471,1
1235,A Slow Song,1982,471,1
1288,Be My Number Two,1984,471,1
1224,Burning Heart,1982,476,1
1229,Save a Prayer - 2009 Remaster,1982,478,1
1611,Ordinary World,1993,478,1
1784,The Reflex,1998,478,1
1247,Just Can't Get Enough (Live in Hammersmith) - 2018 Remaster,1983,480,1
1476,Personal Jesus - Original Seven Inch Version,1989,480,1
1498,Enjoy the Silence - Single Mix,1990,480,1
1248,Message To My Girl,1983,481,1
1250,Pride and Joy,1983,482,1
1254,Uncertain Smile,1983,484,1
1269,Summer Of '69,1984,486,1
1292,Heaven,1984,486,1
1299,Run To You,1984,486,1
1542,(Everything I Do) I Do It For You,1991,486,1
1277,Forever Young,1984,487,1
1303,Big in Japan,1984,487,1
1281,Vienna,1984,488,1
1306,Dancing with Tears in My Eyes,1984,488,1
1284,The Power Of Love,1984,489,1
1304,Relax,1984,489,1
1305,Two Tribes,1984,489,1
1285,The Boys Of Summer,1984,490,1
1488,New York Minute,1989,490,1
1287,Easy Lover,1984,492,1
1289,Tinseltown in the Rain,1984,493,1
1291,It's My Life - 1997 Remaster,1984,494,1
1357,Life's What You Make It - 1997 Remaster,1986,494,1
1372,Living in Another World - 1997 Remaster,1986,494,1
1503,Such a Shame,1990,494,1
1293,Smalltown Boy,1984,495,1
1308,How Soon Is Now? - 2011 Remaster,1984,498,1
1358,There Is a Light That Never Goes Out - 2011 Remaster,1986,498,1
1369,Bigmouth Strikes Again - 2011 Remaster,1986,498,1
1315,Take on Me,1985,501,1
1342,Hunting High and Low,1985,501,1
1323,Everybody Wants To Rule The World,1985,502,1
1334,Shout,1985,502,1
1478,Woman In Chains,1989,502,1
1487,Sowing The Seeds Of Love,1989,502,1
1324,Eye of the Tiger,1985,503,1
1333,Broken Wings,1985,505,1
1341,Out In The Fields,1985,506,1
1499,Still Got The Blues,1990,506,1
1351,The Final Countdown,1986,508,1
1353,I Want You,1986,509,1
1375,Don't Leave Me This Way (with Sarah Jane Morris),1986,513,1
1376,The Way It Is,1986,514,1
1381,Fight For Your Right,1986,516,1
1643,Sabotage,1994,516,1
1405,Here I Go Again - 2018 Remaster,1987,521,1
1427,Is This Love - 2018 Remaster,1987,521,1
1415,The One I Love - Remastered,1987,524,1
1426,It's The End Of The World As We Know It (And I Feel Fine),1987,524,1
1527,Losing My Religion,1991,524,1
1555,Shiny Happy People,1991,524,1
1570,Everybody Hurts,1992,524,1
1574,Nightswimming,1992,524,1
1579,Man On The Moon,1992,524,1
1586,Drive,1992,524,1
1594,Find The River,1992,524,1
1421,Lessons In Love,1987,527,1
1425,Wonderful Life,1987,528,1
1453,Living Years,1988,533,1
1458,Handle With Care,1988,534,1
1475,Daar Gaat Ze,1989,537,1
1511,Domino,1990,537,1
1482,Free Fallin',1989,538,1
1485,Black Velvet,1989,541,1
1491,Monkey Gone to Heaven,1989,542,1
1495,Love Shack,1989,544,1
1502,Silent Lucidity - Remastered/2003,1990,545,1
1509,More Than Words,1990,547,1
1514,Hard To Handle,1990,550,1
1587,Remedy,1992,550,1
1540,Year of the Cat - 2001 Remaster,1991,551,1
1558,On the Border - 2001 Remaster,1991,551,1
1543,No More Tears,1991,552,1
1562,I Can't Make You Love Me,1991,555,1
1563,Love of the Common People,1991,556,1
1571,Kayleigh,1992,558,1
1582,Lavender,1992,558,1
1602,Creep,1993,568,1
1660,Street Spirit (Fade Out),1995,568,1
1677,Fake Plastic Trees,1995,568,1
1692,High And Dry,1995,568,1
1722,Karma Police,1997,568,1
1725,Paranoid Android,1997,568,1
1737,No Surprises,1997,568,1
1606,Linger,1993,569,1
1630,Zombie,1994,569,1
1647,Ode To My Family,1994,569,1
1616,In-A-Gadda-Da-Vida - Single Version,1993,572,1
1617,Gaia,1993,573,1
1618,Mull Of Kintyre - 1993 Digital Remaster,1993,574,1
1631,Hallelujah,1994,578,1
1654,Grace,1994,578,1
1632,Oude Maasweg,1994,579,1
1651,Mmm Mmm Mmm Mmm,1994,585,1
1670,Lemon Tree,1995,589,1
1671,Weak,1995,590,1
1707,Hedonism (Just Because You Feel Good),1996,590,1
1675,Don't Speak,1995,592,1
1698,Down Under,1996,594,1
1701,Where the Wild Roses Grow - 2011 - Remaster,1996,595,1
1727,Into My Arms - 2011 Remastered Version,1997,595,1
1716,Novocaine For The Soul,1996,601,1
1718,Bitter Sweet Symphony,1997,602,1
1751,The Drugs Don't Work,1997,602,1
1740,Beds Are Burning - Remastered,1997,607,1
1759,The Whole of the Moon,1998,610,1
1761,Narcotic - Long Version,1998,611,1
1764,Zelfs Je Naam Is Mooi,1998,612,1
1777,Non non rien n'a changé,1998,615,1
1787,Pure Morning,1998,616,1
1810,The Family Tree,1999,619,1
1815,All Star,1999,620,1
1840,House Of The Rising Sun,1964,628,1
1862,Mr. Tambourine Man,1965,631,1
1888,White Rabbit,1967,636,1
1917,Somebody to Love,1967,636,1
1891,Hey Joe,1967,637,1
1896,Little Wing,1967,637,1
1899,The Wind Cries Mary,1967,637,1
1902,Purple Haze,1967,637,1
1925,All Along the Watchtower,1968,637,1
1935,Voodoo Child (Slight Return),1968,637,1
1915,Sunshine Of Your Love,1967,641,1
1929,White Room,1968,641,1
1920,Pastorale - Remastered,1968,643,1
1933,The Weight - Remastered,1968,645,1
1937,Born To Be Wild - Single Version,1968,646,1
1963,Venus,1969,648,1
1982,Get Ready,1969,653,1
1984,Suite: Judy Blue Eyes - Remastered,1969,654,1
1991,Johnny B. Goode,1959,655,1
2,Clint Eastwood,2001,2,2
361,Feel Good Inc.,2005,2,2
9,Without Me,2002,9,2
27,Cleanin' Out My Closet,2002,9,2
114,"Lose Yourself - From ""8 Mile"" Soundtrack",2005,9,2
192,The Real Slim Shady,2000,9,2
219,Stan,2000,9,2
546,The Monster,2013,9,2
1824,My Name Is,1999,9,2
106,Numb / Encore,2004,74,2
264,Empire State Of Mind,2009,74,2
465,Ni**as In Paris,2011,74,2
279,Hey Ya!,2003,159,2
714,Rapper's Delight,2017,316,2
1377,Walk This Way (feat. Aerosmith),1986,515,2
1708,Killing Me Softly With His Song,1996,597,2
3,The Pretender,2007,3,3
38,All My Life,2002,3,3
89,Times Like These,2002,3,3
126,Best of You,2005,3,3
224,Everlong - Acoustic Version,2009,3,3
443,Walk,2011,3,3
473,These Days,2011,3,3
1723,Everlong,1997,3,3
1802,Learn to Fly,1999,3,3
44,Breaking the Habit,2003,37,3
100,In the End,2000,37,3
262,Numb,2003,37,3
701,One More Light,2017,37,3
53,The Unforgiven III,2008,45,3
1275,Fade To Black (Remastered),1984,45,3
1344,Master of Puppets (Remastered),1986,45,3
1432,One (Remastered),1988,45,3
1518,Nothing Else Matters,1991,45,3
1522,Enter Sandman,1991,45,3
1532,The Unforgiven,1991,45,3
1539,Sad But True,1991,45,3
1732,The Unforgiven II,1997,45,3
1744,The Memory Remains,1997,45,3
1757,Whiskey In The Jar,1998,45,3
64,Kryptonite,2000,52,3
225,Here Without You,2002,52,3
71,No One Knows,2002,57,3
186,Go With The Flow,2002,57,3
389,Make It Wit Chu,2007,57,3
553,I Sat By The Ocean,2013,57,3
77,Sad Man's Tongue,2007,60,3
521,Lola Montez,2013,60,3
84,Self Esteem,2005,64,3
1790,Pretty Fly (For A White Guy),1998,64,3
108,All Summer Long,2007,76,3
134,Tribute,2001,91,3
139,Sonne,2001,94,3
215,Mutter,2001,94,3
791,DEUTSCHLAND,2019,94,3
1720,Du hast,1997,94,3
1728,Engel,1997,94,3
151,Ghost Love Score,2004,103,3
607,Élan,2015,103,3
165,My Immortal,2003,112,3
390,Bring Me To Life,2003,112,3
177,Ice Queen,2003,118,3
343,Stand My Ground,2004,118,3
385,Mother Earth,2003,118,3
449,Faster,2011,118,3
287,Chop Suey!,2001,165,3
331,Behind Blue Eyes,2003,179,3
342,Overcome,2001,186,3
1633,Lightning Crashes,1994,186,3
1642,I Alone,1994,186,3
1814,The Dolphin's Cry,1999,186,3
1821,Run To The Water,1999,186,3
349,It's My Life,2000,189,3
1346,Livin' On A Prayer,1986,189,3
1359,You Give Love A Bad Name,1986,189,3
1367,Wanted Dead Or Alive,1986,189,3
1569,Bed Of Roses,1992,189,3
1592,In These Arms,1992,189,3
1600,Keep The Faith,1992,189,3
1640,Always,1994,189,3
357,How You Remind Me,2001,193,3
586,Glycerine,2014,272,3
604,The Sound of Silence,2015,283,3
788,Love Like Blood,2019,341,3
1345,Angel Of Death,1986,507,3
1387,Sweet Child O' Mine,1987,519,3
1391,Paradise City,1987,519,3
1395,Welcome To The Jungle,1987,519,3
1398,Patience,1987,519,3
1517,November Rain,1991,519,3
1531,Knockin' On Heaven's Door,1991,519,3
1536,Estranged,1991,519,3
1541,Don't Cry (Original),1991,519,3
1552,Live And Let Die,1991,519,3
1484,Epic,1989,540,3
1504,Hunger Strike,1990,546,3
1513,Love Rears Its Ugly Head,1990,549,3
1567,Killing In The Name,1992,557,3
1576,Would?,1992,559,3
1597,Rooster,1992,559,3
1583,Plush - 2017 Remaster,1992,561,3
1601,No Rain,1992,567,3
1612,Disarm - Remastered,1993,571,3
1679,1979 - Remastered 2012,1995,571,3
1688,"Tonight, Tonight - Remastered 2012",1995,571,3
1689,Bullet With Butterfly Wings - Remastered 2012,1995,571,3
1634,Black Hole Sun,1994,580,3
1684,Diane,1995,593,3
1775,Freak On a Leash,1998,614,3
6,She Will Be Loved,2002,6,4
787,Memories,2019,6,4
18,Music,2004,18,4
19,Cry Me a River,2002,19,4
547,Mirrors,2013,19,4
655,"CAN'T STOP THE FEELING! (Original Song from DreamWorks Animation's ""TROLLS"")",2016,19,4
22,Als De Morgen Is Gekomen,2006,21,4
24,Dichterbij Dan Ooit,2002,22,4
51,Dansen Aan Zee,2000,22,4
85,Aanzoek Zonder Ringen,2006,22,4
93,Blauwe Ruis,2002,22,4
176,Hier,2000,22,4
266,Omarm,2003,22,4
351,Mooie Dag,2002,22,4
362,Alles Is Liefde,2007,22,4
480,Zo Stil,2012,22,4
493,Wat Zou Je Doen?,2012,22,4
509,Zaterdag,2012,22,4
513,Later Als Ik Groter Ben,2012,22,4
681,Zoutelande - feat. Geike,2017,22,4
773,Hou Vol Hou Vast,2018,22,4
1662,Aan De Kust,1995,22,4
1760,Liefs Uit Londen,1998,22,4
1801,Harder Dan Ik Hebben Kan,1999,22,4
28,Der Weg,2008,25,4
101,Halt mich,2008,25,4
252,Mensch,2008,25,4
29,7 Seconds (feat. Neneh Cherry),2004,26,4
35,The Eyes of Jenny,2009,30,4
39,De Weg,2005,33,4
320,Geef Mij Je Angst,2006,33,4
365,Tranen Gelachen,2007,33,4
384,Brabant,2002,33,4
406,Dat Komt Door Jou,2010,33,4
421,Proosten,2010,33,4
1700,Het Is Een Nacht... (Levensecht),1996,33,4
1717,Per Spoor (Kedeng Kedeng),1996,33,4
1742,t Dondert En 't Bliksemt,1997,33,4
45,Come Undone,2002,38,4
283,Feel,2002,38,4
364,Mr Bojangles,2001,38,4
560,The Road To Mandalay,2013,38,4
1788,She's The One,1998,38,4
1798,Angels,1999,38,4
1807,Let Me Entertain You,1999,38,4
54,Hurt,2006,46,4
220,Beautiful,2002,46,4
55,Grounds for Divorce,2009,47,4
79,One Day Like This,2009,47,4
447,lippy kids,2011,47,4
718,Magnificent (She Says),2017,47,4
57,"Listen (From the Motion Picture ""Dreamgirls"")",2006,48,4
120,Single Ladies (Put a Ring on It),2008,48,4
125,Crazy In Love (feat. Jay-Z),2003,48,4
174,Halo,2008,48,4
295,If I Were a Boy,2008,48,4
466,Run the World (Girls),2011,48,4
468,Love On Top,2011,48,4
66,Family Portrait,2001,54,4
304,Dear Mr. President,2009,54,4
415,Raise Your Glass,2010,54,4
486,Just Give Me a Reason (feat. Nate Ruess),2012,54,4
487,Try,2012,54,4
686,What About Us,2017,54,4
721,Beautiful Trauma,2017,54,4
69,Maybe Tomorrow,2003,56,4
198,Dakota,2005,56,4
75,Dirty Diana,2003,59,4
246,Will You Be There - Single Version,2005,59,4
289,Black or White - Single Version,2005,59,4
599,Love Never Felt So Good,2014,59,4
684,Thriller,2017,59,4
892,Ben - Single Version,1972,59,4
1134,Don't Stop 'Til You Get Enough - Single Version,1979,59,4
1141,Off the Wall,1979,59,4
1147,Rock with You - Single Version,1979,59,4
1209,Billie Jean,1982,59,4
1228,Human Nature,1982,59,4
1231,P.Y.T. (Pretty Young Thing),1982,59,4
1232,Wanna Be Startin' Somethin',1982,59,4
1397,Smooth Criminal - 2012 Remaster,1987,59,4
1414,The Way You Make Me Feel - 2012 Remaster,1987,59,4
1416,Bad - 2012 Remaster,1987,59,4
1430,Liberian Girl - 2012 Remastered Version,1987,59,4
1545,Heal the World,1991,59,4
1659,Earth Song,1995,59,4
1661,Man in the Mirror,1995,59,4
1663,Beat It,1995,59,4
1667,They Don't Care About Us,1995,59,4
1685,Stranger in Moscow,1995,59,4
81,Wêr Bisto,2001,63,4
96,Valerie (feat. Amy Winehouse) - Version Revisited,2007,70,4
612,Uptown Funk,2015,70,4
775,Nothing Breaks Like a Heart (feat. Miley Cyrus),2018,70,4
105,Empire State of Mind (Part II) Broken Down,2009,73,4
109,Forever Autumn,2007,77,4
413,The Eve of the War,2010,77,4
113,"Bloed, Zweet En Tranen",2002,81,4
492,Droomland,2012,81,4
610,Zeg Maar Niets Meer - Remastered,2015,81,4
727,Kleine Jongen,2018,81,4
734,Zij Gelooft In Mij,2018,81,4
737,De Vlieger,2018,81,4
738,Geef Mij Je Angst,2018,81,4
750,Een Beetje Verliefd,2018,81,4
757,Het Is Koud Zonder Jou,2018,81,4
758,N Vriend,2018,81,4
770,Het Laatste Rondje - Remastered,2018,81,4
121,You're the Voice,2008,85,4
122,Voltooid Verleden Tijd,2009,86,4
140,I Gotta Feeling,2009,95,4
238,Where Is The Love?,2003,95,4
147,Zij Maakt Het Verschil,2003,101,4
227,Mijn Houten Hart,2003,101,4
152,Going To A Town,2007,104,4
170,"Comptine d'un autre été, l'après-midi",2001,114,4
180,Father & Friend,2007,119,4
182,The Blower's Daughter,2003,121,4
395,9 Crimes,2006,121,4
191,Heart Of Glass,2006,124,4
256,Denis,2006,124,4
199,Time To Say Goodbye (Con Te Partirò),2006,127,4
204,Pak Maar M'n Hand,2007,129,4
394,Kijk Omhoog,2007,129,4
210,White Flag,2003,132,4
226,One,2005,140,4
235,Fireflies,2009,144,4
243,Not An Addict,2009,147,4
248,Cambodia,2006,148,4
255,Rain Down on Me,2003,150,4
472,Damn Those Eyes,2011,150,4
265,Drops of Jupiter,2001,152,4
280,There Must Be an Angel (Playing with My Heart),2005,160,4
1240,Sweet Dreams (Are Made of This) - Remastered,1983,160,4
1259,Here Comes the Rain Again - Remastered Version,1983,160,4
281,Laat Me / Vivre - Lange Versie,2005,161,4
285,La Isla Bonita,2009,163,4
294,Vogue,2009,163,4
301,Like a Prayer,2009,163,4
367,Frozen,2009,163,4
1383,Live to Tell,1986,163,4
296,Dyna-Mite,2005,167,4
297,Une Belle Histoire (Een Mooi Verhaal),2008,168,4
324,Dog Days Are Over,2009,176,4
643,Ship To Wreck,2015,176,4
326,Major Tom,2005,177,4
334,I'm Yours,2008,181,4
506,I Won't Give Up,2012,181,4
337,Unwritten,2004,184,4
347,Nine Million Bicycles,2005,188,4
352,In Nije Dei,2004,190,4
1822,Hart Van Mijn Gevoel,1999,190,4
354,Hallelujah,2009,191,4
358,When You Say Nothing At All,2000,194,4
369,Poker Face,2008,196,4
374,Bad Romance,2009,196,4
726,Shallow,2018,196,4
759,Always Remember Us This Way,2018,196,4
397,Nutbush City Limits,2008,204,4
1867,River Deep - Mountain High,1966,204,4
404,Why Tell Me Why,2010,208,4
412,Alors on danse,2010,211,4
523,Formidable,2013,211,4
534,Papaoutai,2013,211,4
550,tous les mêmes,2013,211,4
414,A Night Like This,2010,212,4
422,Just the Way You Are,2010,215,4
428,Grenade,2010,215,4
505,When I Was Your Man,2012,215,4
669,24K Magic,2016,215,4
424,Man Down,2010,217,4
515,Stay - Album Version (Edited),2012,217,4
516,Diamonds,2012,217,4
431,Riverside,2010,219,4
432,Hold On Tight,2010,220,4
437,Somebody That I Used To Know,2011,221,4
444,The A Team,2011,224,4
463,Give Me Love,2011,224,4
469,Lego House,2011,224,4
527,I See Fire,2013,224,4
565,Thinking out Loud,2014,224,4
577,Photograph,2014,224,4
683,Perfect,2017,224,4
687,Shape of You,2017,224,4
691,Castle on the Hill,2017,224,4
708,Happier,2017,224,4
709,Galway Girl,2017,224,4
711,Supermarket Flowers,2017,224,4
448,Titanium (feat. Sia),2011,225,4
454,Driver's Seat,2011,226,4
461,Pumped Up Kicks,2011,227,4
467,I Won' T Let You Down,2011,229,4
475,Terug Naar De Kust,2011,233,4
483,Video Games - Remastered,2012,236,4
489,Home Again,2012,238,4
564,Streets,2014,238,4
570,War,2014,238,4
574,Riddles,2014,238,4
578,All For Nothing,2014,238,4
598,Done With It,2014,238,4
646,Sorry,2016,238,4
654,Do I Ever,2016,238,4
661,Bridges,2016,238,4
796,Uncharted,2019,238,4
491,Winter,2012,239,4
496,Can't Hold Us - feat. Ray Dalton,2012,240,4
508,One Moment in Time,2012,245,4
1336,Greatest Love of All,1985,245,4
1411,I Wanna Dance with Somebody (Who Loves Me),1987,245,4
1573,I Will Always Love You,1992,245,4
1595,I Have Nothing,1992,245,4
514,Clown,2012,247,4
518,Little Talks,2012,248,4
519,Euphoria,2012,249,4
532,Diamonds,2013,252,4
533,Let Her Go,2013,253,4
535,Strong,2013,254,4
537,Pompeii,2013,256,4
558,Things We Lost In The Fire,2013,256,4
722,World Gone Mad,2017,256,4
540,All I Want,2013,258,4
544,Watermensen,2013,259,4
549,Royals,2013,260,4
559,Blurred Lines,2013,261,4
572,"Happy - From ""Despicable Me 2""",2014,265,4
575,Under The Pressure,2014,267,4
582,Red Eyes,2014,267,4
707,Thinking Of A Place,2017,267,4
715,Pain,2017,267,4
581,Home,2014,269,4
587,Wit Licht,2014,273,4
591,Stay With Me,2014,274,4
592,Shake It Off,2014,275,4
593,Looking Too Closely,2014,276,4
595,Counting Stars,2014,277,4
596,Time After Time,2014,278,4
1260,Girls Just Want to Have Fun,1983,278,4
1368,True Colors,1986,278,4
597,Sexy Als Ik Dans,2014,279,4
740,IJskoud,2018,279,4
600,Shut Up and Dance,2014,280,4
608,Dat Ik Je Mis,2015,285,4
629,Budapest,2015,291,4
747,Shotgun,2018,291,4
641,Be the One,2015,296,4
720,Homesick,2017,296,4
644,Love Yourself,2015,297,4
649,Leef,2016,300,4
678,7 Years,2016,305,4
682,Pokémon Theme-New Studio Recording,2017,307,4
692,Sign of the Times,2017,309,4
705,Something Just Like This,2017,314,4
713,Max,2017,315,4
725,Lost on You,2017,320,4
728,Duurt Te Lang,2018,321,4
733,Atemlos durch die Nacht,2018,325,4
736,Als Het Avond Is,2018,326,4
794,Blauwe Dag,2019,326,4
745,High Hopes,2018,327,4
751,Someone You Loved,2018,328,4
752,Banger Hart - Radio Mix,2018,329,4
753,Malle Babbe,2018,329,4
1057,Het Werd Zomer,1977,329,4
1171,Foto Van Vroeger,1980,329,4
767,Skandal im Sperrbezirk,2018,331,4
772,Havana (feat. Young Thug),2018,332,4
774,One Kiss (with Dua Lipa),2018,333,4
777,In My Blood,2018,334,4
779,Arcade,2019,336,4
786,bad guy,2019,340,4
792,Phantom Of The Opera,2019,344,4
793,Dance Monkey,2019,345,4
798,Dancing On My Own,2019,346,4
825,Memories,1970,356,4
868,Storm And Thunder,1971,356,4
1148,Weekend,1979,356,4
836,Tears In The Morning - Remastered 2009,1970,361,4
1864,God Only Knows - Remastered,1966,361,4
1871,Sloop John B - Remastered,1966,361,4
1882,Wouldn't It Be Nice - Stereo Mix,1966,361,4
1892,Good Vibrations - Remastered,1967,361,4
856,One Way Wind,1971,368,4
1932,Lea,1968,368,4
1940,Times Were When,1968,368,4
1966,Marian,1969,368,4
1971,Scarlet Ribbons,1969,368,4
903,Sylvia's Mother,1972,383,4
925,Sebastian - 2012 Remaster,1973,390,4
930,Midnight Train to Georgia,1973,392,4
941,Jolene,1974,396,4
952,I Will Always Love You,1974,396,4
1173,9 to 5,1980,396,4
1218,Islands In the Stream,1982,396,4
944,Waterloo,1974,397,4
970,Mamma Mia,1975,397,4
989,S.O.S.,1975,397,4
1001,Dancing Queen,1976,397,4
1010,Fernando,1976,397,4
1011,"Knowing Me, Knowing You",1976,397,4
1027,"Money, Money, Money",1976,397,4
1045,Thank You For The Music,1977,397,4
1058,Take A Chance On Me,1977,397,4
1068,The Name Of The Game,1977,397,4
1118,Gimme! Gimme! Gimme! (A Man After Midnight),1979,397,4
1122,Chiquitita,1979,397,4
1123,Does Your Mother Know,1979,397,4
1128,I Have A Dream,1979,397,4
1131,Voulez-Vous,1979,397,4
1154,The Winner Takes It All,1980,397,4
1162,Lay All Your Love On Me,1980,397,4
1169,Happy New Year,1980,397,4
1175,Super Trouper,1980,397,4
1192,The Day Before You Came,1981,397,4
1196,One Of Us,1981,397,4
1605,Eagle - Short Version,1993,397,4
957,Gute Nacht Freunde,1974,402,4
987,Make Me Smile (Come up and See Me) - 2014 Remaster,1975,414,4
991,At Seventeen - Remastered,1975,415,4
1055,I Feel Love,1977,432,4
1133,MacArthur Park - Single Version,1979,432,4
1222,State of Independence,1982,432,4
1084,Wuthering Heights,1978,440,4
1088,The Man with the Child in His Eyes,1978,440,4
1319,Running Up That Hill (A Deal With God),1985,440,4
1320,Cloudbusting,1985,440,4
1101,Because the Night,1978,445,4
1109,Fire,1978,448,4
1150,We Belong to the Night,1979,458,4
1216,Belgie ... (Is Er Leven Op Pluto ...),1982,472,4
1227,Vriendschap,1982,472,4
1607,Alles Geprobeerd,1993,472,4
1220,Come On Eileen,1982,474,4
1221,Kristallnaach,1982,475,4
1225,Always On My Mind,1982,477,4
1239,99 Luftballons,1983,479,4
1257,Nur geträumt,1983,479,4
1263,Karma Chameleon - Remastered,1983,485,4
1298,You'll Never Walk Alone,1984,496,4
1302,Nightporter,1984,497,4
1311,Jeanny,1985,499,4
1355,Don't Dream It's Over,1986,510,4
1460,Into Temptation,1988,510,4
1549,Four Seasons In One Day,1991,510,4
1554,Weather With You,1991,510,4
1360,The Lady In Red,1986,511,4
1370,Anne,1986,512,4
1406,Liefde Van Later,1987,512,4
1413,Suzanne,1987,512,4
1783,Hilversum 3,1998,512,4
1794,Toveren,1998,512,4
1384,West End Girls - 2001 Remaster,1986,517,4
1423,It's a Sin - 2001 Remaster,1987,517,4
1409,Never Gonna Give You Up,1987,522,4
1446,Musica è,1988,531,4
1619,Cose della vita,1993,531,4
1451,Listen to Your Heart,1988,532,4
1510,"It Must Have Been Love - From the Film ""Pretty Woman""",1990,532,4
1459,(Something Inside) So Strong,1988,535,4
1461,Twist in My Sobriety,1988,536,4
1494,If I Could Turn Back Time,1989,543,4
1544,You,1991,553,4
1581,What's Up?,1992,560,4
1584,Eloise,1992,562,4
1596,Rosalyn,1992,565,4
1598,Why,1992,566,4
1623,La solitudine,1993,575,4
1641,All I Want for Christmas Is You,1994,581,4
1645,Glory Box,1994,583,4
1650,Live Forever - Remastered,1994,584,4
1656,Wonderwall - Remastered,1995,584,4
1657,Don't Look Back In Anger - Remastered,1995,584,4
1668,Champagne Supernova - Remastered,1995,584,4
1669,You Do Something To Me,1995,588,4
1706,Wannabe,1996,596,4
1713,Beautiful Goodbye,1996,599,4
1714,Ain't Nobody,1996,600,4
1739,Little Green Bag,1997,606,4
1741,"My Heart Will Go On - Love Theme from ""Titanic""",1997,608,4
1765,Toen Ik Je Zag - Single Version,1998,613,4
1803,Total Eclipse of the Heart,1999,618,4
1817,Il Volo,1999,621,4
1820,All The Small Things,1999,624,4
1877,How Can We Hang On To A Dream,1966,634,4
1911,San Francisco (Be Sure to Wear Some Flowers In Your Hair),1967,639,4
1913,I'm a Believer - 2006 Remaster,1967,640,4
1944,Daydream Believer,1968,640,4
1942,MacArthur Park,1968,647,4
1968,Beautiful People,1969,650,4
12,Als Het Golft,2000,12,5
403,Mag Het Licht Uit,2010,12,5
453,Kan Ik Iets Voor Je Doen,2011,12,5
530,Dansen Op De Vulkaan,2013,12,5
551,Mijn Van Straat Geredde Roos,2013,12,5
1215,Bloedend Hart,1982,12,5
1316,Groot Hart,1985,12,5
1321,Binnen Zonder Kloppen,1985,12,5
1464,Niemand In De Stad,1989,12,5
1468,Ik Kan Het Niet Alleen,1989,12,5
1479,Nergens Goed Voor,1989,12,5
1755,Als Ze Er Niet Is,1998,12,5
1776,Onderuit,1998,12,5
15,Zonder Jou,2006,15,5
1591,Vlieg Met Me Mee - Live,1992,15,5
1729,k Heb Je Lief,1997,15,5
25,Miracle,2008,23,5
244,So Incredible,2008,23,5
259,I Still Cry,2000,23,5
776,Lay Your Weapons Down,2018,23,5
1778,I'm Not so Tough,1998,23,5
1785,World of Hurt,1998,23,5
62,Smoorverliefd,2008,51,5
153,Is Dit Alles,2008,51,5
185,Belle Hélène,2008,51,5
190,Nederwiet,2008,51,5
205,De Bom,2008,51,5
216,Pa,2008,51,5
229,Sinds 1 Dag Of 2 (32 Jaar),2008,51,5
78,Wat Zou Je Doen - Live,2006,61,5
92,Afscheid Nemen Bestaat Niet,2006,61,5
98,Binnen,2002,61,5
133,Zij,2002,61,5
169,Speeltuin,2002,61,5
250,Dochters,2008,61,5
439,Rood,2011,61,5
457,Waarom Nou Jij,2011,61,5
663,Mooi,2016,61,5
1646,Dromen Zijn Bedrog,1994,61,5
1664,Margherita,1995,61,5
1672,Ik Leef Niet Meer Voor Jou,1995,61,5
1704,De Waarheid,1996,61,5
1705,Wereld Zonder Jou,1996,61,5
1774,De Bestemming,1998,61,5
80,Bagagedrager,2002,62,5
445,kom terug,2011,62,5
86,Modern World,2007,65,5
102,Girl,2004,65,5
160,One Word,2004,65,5
236,Lost,2004,65,5
271,I Don't Wanna Hurt,2007,65,5
363,Jerusalem,2004,65,5
613,Birds,2015,65,5
614,Michel,2015,65,5
620,For Bitter Or Worse,2015,65,5
624,Three Days In A Row,2015,65,5
626,R U Kiddin' Me,2015,65,5
1754,Nobody's Wife,1998,65,5
1793,Sacrifice,1998,65,5
87,Rosie,2007,66,5
90,De Vondeling Van Ameland,2007,68,5
732,Testament,2018,68,5
735,Verdronken Vlinder,2018,68,5
741,Welterusten Mijnheer De President,2018,68,5
742,Jimmy,2018,68,5
746,Het Land Van Maas En Waal,2018,68,5
760,Een Meisje Van Zestien,2018,68,5
764,Prikkebeen,2018,68,5
766,Als De Rook Om Je Hoofd Is Verdwenen,2018,68,5
1694,Avond,1996,68,5
104,Ik Wou Dat Ik Jou Was,2003,72,5
131,Red Mij Niet - Single Edit,2001,90,5
145,Love You More,2005,99,5
166,Feel Like Flying,2005,99,5
407,Don't Give up the Fight,2010,99,5
409,Liverpool Rain,2010,99,5
410,No Mercy,2010,99,5
520,Oceaan,2013,99,5
630,Shoes of Lightning,2015,99,5
163,Zing - Vecht - Huil - Bid - Lach - Werk En Bewonder,2006,111,5
744,Sammy,2018,111,5
986,Wij Zullen Doorgaan - 1975 Single Version,1975,111,5
1083,Laat Me,1978,111,5
171,Sweet Goodbyes,2009,115,5
233,I Would Stay,2000,115,5
175,Hollereer,2008,117,5
282,Watskeburt?!,2008,117,5
401,Sterrenstof,2010,117,5
187,Sound Of The Screameng Day,2008,122,5
194,Tumble and Fall,2001,125,5
196,Hier Kom Ik Weg,2008,126,5
446,Prachtig mooie dag,2011,126,5
571,Op 't platteland,2014,126,5
202,De Kapitein Deel II,2000,128,5
260,Ren Lenny Ren,2002,128,5
322,Het Regent Zonnestralen,2005,128,5
1726,Lopen Tot De Zon Komt,1997,128,5
1738,Als Het Vuur Gedoofd Is,1997,128,5
1747,Mooi Liedje,1997,128,5
1772,Niet Of Nooit Geweest,1998,128,5
1797,"Slaap Zacht , Elisabeth",1998,128,5
223,Ruthless Queen,2009,139,5
288,Sorry - (Live in Tivoli),2009,166,5
373,Het Land Van,2005,198,5
455,Zing Voor Me,2011,198,5
380,Never Be Clever,2001,201,5
552,Love You Like I Love Myself,2013,201,5
1085,Saturday Night,1978,201,5
1103,Still Believe,1978,201,5
383,Meer Dan Een Ander,2009,202,5
1655,Stil In Mij,1995,202,5
400,Mag Ik Dan Bij Jou,2010,206,5
420,Times Are Changing,2010,214,5
462,Happiness,2011,228,5
500,Flappie,2012,241,5
507,Slapeloze Nachten,2012,244,5
531,Witch Doctor,2013,251,5
538,Waves,2013,257,5
601,Nothing Really Matters,2014,257,5
568,In Your Arms,2014,263,5
697,Amigo,2017,263,5
719,Nicotine,2017,263,5
573,Calm After The Storm,2014,266,5
580,Zandloper,2014,268,5
585,Hemel Valt,2014,268,5
602,Promises of No Man's Land,2014,281,5
605,Het Dorp - Live,2015,284,5
628,Hold Me,2015,290,5
676,Jacob’s Song,2016,290,5
769,I Do,2018,290,5
637,Down Man,2015,294,5
1980,Summertime,1969,294,5
652,Treur Niet (Ode Aan Het Leven),2016,301,5
762,De Zon Op,2018,301,5
673,The Life I Live,2016,304,5
765,Outlaw In 'Em,2018,330,5
778,Roller Coaster,2019,335,5
789,Reünie,2019,342,5
1253,Nescio,1983,483,5
1403,In the Dutch Mountains,1987,483,5
1313,Kronenburg Park,1985,500,5
1352,De Verzoening,1986,500,5
1431,Winter in Hamburg,1987,500,5
1443,Zwart Wit,1988,500,5
1750,Hier Komt De Storm,1997,500,5
1386,Over De Muur,1987,518,5
1428,Laat Mij Maar Alleen,1987,518,5
1512,Met Hart En Ziel,1990,548,5
1628,Younger Days,1993,577,5
1652,Annabel,1994,586,5
1719,Zeg Me Dat Het Niet Zo Is,1997,603,5
1724,Op Fietse,1997,604,5
1819,Geen Kind Meer,1999,623,5
1907,Somebody Will Know Someday,1967,638,5
1926,"Window Of My Eyes - From ""The American"" Soundtrack",1968,638,5
1977,Appleknockers Flophouse,1969,638,5
16,Speed of Sound,2005,16,6
20,Fix You,2005,16,6
30,The Scientist,2002,16,6
136,Talk,2005,16,6
155,God Put a Smile upon Your Face,2002,16,6
200,Green Eyes,2002,16,6
239,Yellow,2000,16,6
253,Amsterdam,2002,16,6
261,In My Place,2002,16,6
310,Viva La Vida,2008,16,6
323,Violet Hill,2008,16,6
328,Lost!,2008,16,6
350,Politik,2002,16,6
370,Life in Technicolor ii,2008,16,6
376,Trouble,2000,16,6
391,Clocks,2002,16,6
417,Christmas Lights,2010,16,6
438,Paradise,2011,16,6
456,Every Teardrop Is a Waterfall,2011,16,6
477,Charlie Brown,2011,16,6
562,A Sky Full of Stars,2014,16,6
576,Magic,2014,16,6
616,Everglow,2015,16,6
622,Hymn for the Weekend,2015,16,6
623,Adventure of a Lifetime,2015,16,6
634,A Head Full of Dreams,2015,16,6
642,Up&Up,2015,16,6
209,Society,2007,131,6
359,Hard Sun,2007,131,6
1325,Russians,1985,504,6
1339,Moon Over Bourbon Street,1985,504,6
1392,Fragile,1987,504,6
1393,Englishman In New York,1987,504,6
1604,Fields Of Gold,1993,504,6
1609,Shape Of My Heart,1993,504,6
1825,Desert Rose,1999,504,6
1483,Let Love Rule,1989,539,6
1620,Are You Gonna Go My Way,1993,539,6
26,Smokers Outside the Hospital Doors,2007,24,7
129,Papillon,2009,24,7
278,Munich,2005,24,7
327,An End Has a Start,2007,24,7
368,The Racing Rats,2007,24,7
555,A Ton of Love,2013,24,7
640,Ocean of Night,2015,24,7
119,Sweet Disposition,2009,84,7
189,Heavy Cross,2009,123,7
298,Sandstorm - Radio Edit,2007,169,7
311,Kids,2007,173,7
392,Farewell To The Fairground,2009,203,7
785,Time To Give,2019,203,7
569,Born Slippy (Nuxx),2014,264,7
583,L'amour Toujours (Small Mix),2014,270,7
611,Chandelier,2015,286,7
699,Everything Now,2017,311,7
1710,Children,1996,598,7
1826,Hey Boy Hey Girl,1999,625,7
32,Chasing Pavements,2008,28,8
70,Make You Feel My Love,2008,28,8
257,Hometown Glory,2008,28,8
433,Someone Like You,2011,28,8
434,Set Fire to the Rain,2011,28,8
451,Turning Tables,2011,28,8
459,Rumour Has It,2011,28,8
479,Skyfall - Full Length,2012,28,8
563,Rolling In The Deep,2014,28,8
650,Hello,2016,28,8
653,When We Were Young,2016,28,8
658,Million Years Ago,2016,28,8
671,Water Under the Bridge,2016,28,8
672,All I Ask,2016,28,8
34,Tears Dry On Their Own,2006,29,8
132,Love Is A Losing Game,2006,29,8
135,You Know I'm No Good,2006,29,8
249,Back To Black,2006,29,8
332,Rehab,2006,29,8
65,Crazy,2004,53,8
1639,Kiss from a Rose,1994,53,8
356,Sunrise,2004,192,8
1318,Holding Back the Years - 2008 Remaster,1985,192,8
1481,If You Don't Know Me by Now - 2008 Remaster,1989,192,8
1556,Stars,1991,192,8
1693,Fairground,1995,192,8
501,Home Again,2012,242,8
647,Cold Little Heart,2016,242,8
665,Love & Hate,2016,242,8
561,Iron Sky,2014,262,8
689,Human,2017,308,8
724,Skin,2017,308,8
835,Move On Up,1970,360,8
848,Ain't No Sunshine,1971,365,8
1076,Lovely Day,1977,365,8
851,What's Going On,1971,366,8
939,Let's Get It On,1973,366,8
1226,Sexual Healing,1982,366,8
1252,I Heard It Through The Grapevine,1983,366,8
1910,Ain't No Mountain High Enough,1967,366,8
1588,I've Got Dreams to Remember,1992,563,8
1881,Try a Little Tenderness,1966,563,8
1921,(Sittin' On) the Dock of the Bay,1968,563,8
1644,Smooth Operator - Single Version,1994,582,8
1875,When a Man Loves a Woman,1966,633,8
40,Don't Let Me Be Misunderstood,2003,34,9
159,It's Raining Men,2008,108,9
268,Teardrops,2001,154,9
667,Disco Inferno,2016,303,9
730,September,2018,323,9
1051,Fantasy,1977,323,9
1129,Boogie Wonderland,1979,323,9
1075,Le Freak - 2018 Remaster,1977,437,9
1104,Rivers of Babylon,1978,446,9
1108,Born to Be Alive - Original Mix 79,1978,447,9
1144,Relight My Fire - Single Version,1979,456,9
1286,Private Dancer - 2015 Remaster,1984,491,9
1438,Tonight (With David Bowie) - Live,1988,491,9
1472,The Best,1989,491,9
1565,We Don't Need Another Hero (Thunderdome),1991,491,9
1603,Proud Mary,1993,491,9
1621,What's Love Got to Do with It,1993,491,9
1610,I Will Survive - Single Version,1993,570,9
52,Goodbye My Lover,2005,44,10
348,You're Beautiful,2005,44,10
110,Waiting On the World to Change,2006,78,10
127,Daughters,2003,78,10
156,Heartbreak Warfare,2009,78,10
173,"Free Fallin' - Live at the Nokia Theatre, Los Angeles, CA - December 2007",2008,78,10
221,Gravity,2006,78,10
263,Slow Dancing in a Burning Room,2006,78,10
693,In the Blood,2017,78,10
748,New Light,2018,78,10
168,Hey There Delilah,2005,113,10
228,Mad World (Feat. Michael Andrews),2002,141,10
272,Ordinary People,2005,155,10
529,All of Me,2013,155,10
470,Skinny Love,2011,230,10
603,Let It Go,2014,282,10
680,The Book Of Love,2016,306,10
61,Solitary Man,2000,50,11
293,Hurt,2002,50,11
371,One,2000,50,11
440,A Boy Named Sue (Live),2011,50,11
498,San Quentin,2012,50,11
807,I Walk the Line,1970,50,11
901,A Thing Called Love,1972,50,11
1832,Ring of Fire,1963,50,11
1841,Folsom Prison Blues,1964,50,11
423,Need You Now,2010,216,11
632,Tennessee Whiskey,2015,292,11
1412,Have A Little Faith In Me,1987,523,11
72,Where Do You Go To (My Lovely) - Re-Recorded,2008,58,12
308,Both Sides Now,2000,171,12
512,Follow the Sun,2012,246,12
660,You Want It Darker,2016,302,12
878,Famous Blue Raincoat,1971,302,12
1268,Hallelujah,1984,302,12
1445,Take This Waltz,1988,302,12
1890,Suzanne,1967,302,12
1895,"So Long, Marianne",1967,302,12
723,Leave a Light On,2017,319,12
814,Father And Son,1970,353,12
855,Morning Has Broken,1971,353,12
1018,Tom Traubert's Blues (Four Sheets To The Wind In Copenhagen),1976,422,12
1394,Troy,1987,520,12
1501,Nothing Compares 2 U,1990,520,12
1419,Luka,1987,526,12
1433,Fast Car,1988,529,12
1455,Baby Can I Hold You,1988,529,12
1441,Like The Way I Do,1988,530,12
1550,Walking in Memphis,1991,554,12
1975,Streets of London,1969,651,12
143,Red Red Wine,2000,98,13
1184,Food For Thought,1980,98,13
1338,I Got You Babe,1985,98,13
1477,Kingston Town,1989,98,13
968,"No Woman, No Cry - Live At The Lyceum, London/1975",1975,408,13
1038,Three Little Birds,1977,408,13
1066,One Love / People Get Ready - Medley,1977,408,13
1099,"Stir It Up - Live At The Pavillon De Paris, 1977",1978,408,13
1100,Is This Love,1978,408,13
1159,Redemption Song,1980,408,13
1172,Could You Be Loved,1980,408,13
1264,Buffalo Soldier,1983,408,13
148,I Want To Hold Your Hand - Remastered 2015,2000,102,14
307,Lady Madonna - Remastered 2015,2000,102,14
313,We Can Work It Out - Remastered 2015,2000,102,14
318,Hey Jude,2006,102,14
588,Yellow Submarine,2014,102,14
800,Let It Be - Remastered 2009,1970,102,14
813,The Long And Winding Road - Remastered 2009,1970,102,14
820,Get Back - Remastered 2009,1970,102,14
938,Don't Let Me Down - Remastered 2009,1973,102,14
1835,Twist And Shout - Remastered 2009,1963,102,14
1837,I Saw Her Standing There - Remastered 2009,1963,102,14
1844,A Hard Day's Night - Remastered 2009,1964,102,14
1846,Eight Days A Week - Remastered 2009,1964,102,14
1848,Yesterday - Remastered 2009,1965,102,14
1851,Norwegian Wood (This Bird Has Flown) - Remastered 2009,1965,102,14
1852,Help! - Remastered 2009,1965,102,14
1854,Michelle - Remastered 2009,1965,102,14
1857,In My Life - Remastered 2009,1965,102,14
1866,Eleanor Rigby - Remastered 2009,1966,102,14
1879,For No One - Remastered 2009,1966,102,14
1885,A Day In The Life - Remastered 2009,1967,102,14
1889,Penny Lane,1967,102,14
1894,Strawberry Fields Forever - Remastered 2009,1967,102,14
1897,The Fool On The Hill - Remastered 2009,1967,102,14
1900,Sgt. Pepper's Lonely Hearts Club Band - Remastered 2009,1967,102,14
1901,Lucy In The Sky With Diamonds - Remastered 2009,1967,102,14
1904,All You Need Is Love - Remastered 2009,1967,102,14
1906,When I'm Sixty Four - Remastered 2009,1967,102,14
1908,I Am The Walrus - Remastered 2009,1967,102,14
1912,She's Leaving Home - Remastered 2009,1967,102,14
1922,Blackbird - Remastered 2009,1968,102,14
1924,While My Guitar Gently Weeps - Remastered 2009,1968,102,14
1945,Back In The U.S.S.R. - Remastered 2009,1968,102,14
1947,Here Comes The Sun - Remastered 2009,1969,102,14
1959,Come Together - Remastered 2009,1969,102,14
1960,Something - Remastered 2009,1969,102,14
241,Wicked Game,2006,146,15
303,Blue Hotel,2006,146,15
276,Can't Stop Loving You - 2016 Remaster,2002,158,15
651,Against All Odds (Take a Look at Me Now) - 2016 Remaster,2016,158,15
1190,In The Air Tonight - 2015 Remastered,1981,158,15
1223,You Can't Hurry Love - 2016 Remaster,1982,158,15
1343,Take Me Home - 2016 Remaster,1985,158,15
1463,Another Day in Paradise - 2016 Remaster,1989,158,15
1480,I Wish It Would Rain Down - 2016 Remaster,1989,158,15
1489,Something Happened on the Way to Heaven - 2016 Remaster,1989,158,15
1806,"You'll Be In My Heart - From ""Tarzan""/Soundtrack Version",1999,158,15
309,God Is a DJ,2005,172,16
635,We Come 1 - Radio Edit,2015,172,16
1696,Insomnia,1996,172,16
346,Unfinished Sympathy,2006,187,16
1769,Teardrop,1998,187,16
1593,Out Of Space,1992,564,16
1648,No Good (Start the Dance) [Remastered],1994,564,16
1731,Firestarter,1997,564,16
1733,Smack My Bitch Up,1997,564,16
1743,Breathe,1997,564,16
1792,Praise You,1998,617,16
399,Changes,2007,205,17
589,California Love,2014,205,17
1683,Dear Mama,1995,205,17
994,Sex Machine - Pt. 1 & 2,1975,416,17
1217,1999,1982,473,17
1266,Purple Rain,1984,473,17
1278,When Doves Cry,1984,473,17
1294,I Would Die 4 U,1984,473,17
1296,Let's Go Crazy,1984,473,17
1327,Raspberry Beret,1985,473,17
1349,Sometimes It Snows in April,1986,473,17
1365,Kiss,1986,473,17
1402,Sign 'O' the Times,1987,473,17
1418,The Cross,1987,473,17
1559,Diamonds and Pearls,1991,473,17
1691,Gold,1995,473,17
1673,Gangsta's Paradise,1995,591,17
1818,The Next Episode,1999,622,17
